sku_id,ingresos,pct_acumulado,segmento_abc
SKU001064,61459000,0.00306643199215747,A
SKU001056,59226400,0.0060214707617488265,A
SKU001047,56317400,0.008831368044085491,A
SKU001116,52398800,0.011445750911861747,A
SKU001024,52143000,0.014047370908397111,A
SKU001078,51737400,0.01662875392066623,A
SKU001130,51377000,0.019192155155002527,A
SKU001107,50745900,0.021724068320378206,A
SKU001023,50655200,0.024251456104903417,A
SKU001030,50573000,0.026774742607114318,A
SKU001034,50366700,0.029287735988383093,A
SKU001013,49031400,0.03173410598431973,A
SKU001114,48655500,0.034161720846169384,A
SKU001105,48202200,0.036566718782555796,A
SKU001070,47960100,0.038959637394753714,A
SKU001068,47880000,0.04134855950192271,A
SKU001123,47722500,0.04372962331268655,A
SKU000529,47610000,0.046105074054589565,A
SKU001108,47244000,0.04846226361246534,A
SKU001081,47100000,0.050812268442199264,A
SKU001125,46993800,0.053156974534928556,A
SKU001061,46679900,0.0554860189181875,A
SKU000556,46177500,0.057789996583262615,A
SKU001097,45704000,0.06007034946517682,A
SKU001110,44920000,0.06231158549387422,A
SKU001014,44878000,0.06455072597686358,A
SKU001027,44776000,0.06678477727741912,A
SKU001080,44593000,0.06900969798596104,A
SKU001084,44371200,0.07122355221740669,A
SKU001074,44292500,0.073433479795347,A
SKU001103,44030700,0.07563034513837387,A
SKU001059,43962400,0.07782380272492789,A
SKU001118,43607600,0.07999955793964349,A
SKU001122,43534800,0.08217168087513183,A
SKU001055,42867000,0.08431048463386226,A
SKU001083,42570000,0.08643446989080011,A
SKU001035,42298500,0.08854490894155383,A
SKU001016,42217000,0.09065128163575503,A
SKU001126,41962200,0.09274494135266079,A
SKU001089,41874700,0.09483423534934143,A
SKU001051,41503600,0.09690501370287317,A
SKU001038,41085000,0.09895490645084808,A
SKU001029,41040000,0.10100255397127865,A
SKU000577,41002000,0.1030483055217829,A
SKU001042,40890000,0.10508846895039903,A
SKU001102,40376800,0.10710302680622069,A
SKU001095,40224600,0.10910999080354798,A
SKU001026,40204800,0.11111596690075576,A
SKU001087,40130600,0.11311824086721266,A
SKU001098,40072200,0.11511760102725646,A
SKU001092,39931200,0.1171099261409947,A
SKU001124,39872500,0.11909932248013622,A
SKU001018,39819000,0.12108604949319726,A
SKU001079,39683400,0.12306601088725805,A
SKU001066,39620900,0.12504285390972947,A
SKU001086,39604500,0.12701887867149586,A
SKU001015,39551600,0.12899226404354902,A
SKU001054,39524100,0.1309642773321029,A
SKU001031,39200000,0.132920119992943,A
SKU001041,38836000,0.13485780125764674,A
SKU001033,38604400,0.136783927084589,A
SKU001025,38191500,0.13868945170146338,A
SKU001082,37901400,0.1405805020847686,A
SKU001040,37752000,0.14246409831262669,A
SKU000493,37559400,0.144338084966595,A
SKU001019,37523200,0.14621026545973878,A
SKU001072,37438500,0.14807821993570466,A
SKU001062,37425600,0.14994553077977452,A
SKU001119,37352400,0.1518091893870389,A
SKU001050,37081500,0.15365933172448643,A
SKU001022,36643200,0.15548760554565216,A
SKU001121,36622600,0.15731485155154204,A
SKU001060,36337000,0.15912784784661724,A
SKU001036,36238800,0.16093594455625124,A
SKU001115,36138400,0.1627390319137641,A
SKU001045,35587500,0.1645146326967398,A
SKU000496,35536800,0.16628770385668223,A
SKU001111,35172600,0.1680426036416992,A
SKU000520,35148000,0.1697962760356586,A
SKU001069,35017000,0.17154341232276674,A
SKU001020,34752200,0.1732773366931251,A
SKU001091,34733400,0.17501032305730937,A
SKU000590,34465000,0.17672991788654038,A
SKU000205,34408800,0.1784467086760382,A
SKU000560,34400300,0.1801630753669999,A
SKU000553,34204100,0.18186965286586831,A
SKU001101,34198600,0.18357595594803686,A
SKU001106,34184400,0.18528155053618028,A
SKU001058,33898000,0.1869728554983527,A
SKU001099,33855000,0.18866201502087163,A
SKU001067,33820000,0.19034942825530055,A
SKU000579,33737500,0.19203272523923148,A
SKU001128,33529800,0.19370565925069672,A
SKU001088,33528000,0.19537850345306018,A
SKU000500,33376000,0.19704376377571833,A
SKU000360,33328500,0.19870665413596858,A
SKU001104,33269400,0.20036659576404395,A
SKU001043,33244200,0.20202528006469447,A
SKU001052,33000000,0.20367178026387112,A
SKU001039,32923900,0.20531448353380055,A
SKU001090,32834800,0.2069527412531922,A
SKU000524,32760000,0.20858726690546575,A
SKU001044,32731600,0.21022037556968906,A
SKU000472,32672400,0.21185053051234295,A
SKU000482,32473600,0.21347076653864547,A
SKU000504,32305500,0.21508261539272122,A
SKU000261,32235000,0.21669094672364422,A
SKU001012,32042000,0.2182896485230993,A
SKU001048,31973400,0.2198849275978979,A
SKU001077,31812000,0.22147215378990417,A
SKU000569,31800300,0.22305879622274893,A
SKU001127,31652000,0.22463803938348645,A
SKU000516,31509000,0.22621014771002756,A
SKU000480,31392000,0.22777641844495342,A
SKU000531,31333500,0.2293397703840716,A
SKU001046,31152000,0.23089406657209435,A
SKU000541,30994200,0.2324404894955283,A
SKU000514,30844400,0.2339794383059369,A
SKU001120,30690000,0.23551068349117116,A
SKU000497,30681000,0.23704147963089656,A
SKU001021,30494200,0.23856295558161572,A
SKU000306,30423600,0.24008090901978754,A
SKU001076,30361500,0.2415957640439482,A
SKU000498,30172500,0.24310118911242262,A
SKU001093,29971000,0.24459656055089302,A
SKU001057,29949000,0.24609083432256396,A
SKU000575,29729700,0.2475741663520022,A
SKU000503,29619000,0.24905197512168134,A
SKU000523,29606200,0.250529145248859,A
SKU001100,29493000,0.2520006673814141,A
SKU000584,29488800,0.2534719799593983,A
SKU000559,29311200,0.25493443137267424,A
SKU001109,29274000,0.2563950267311802,A
SKU000542,28794500,0.25783169794285266,A
SKU000698,28657800,0.2592615486521849,A
SKU000259,28635600,0.2606902917159286,A
SKU001129,28551600,0.2621148436882562,A
SKU000607,28409600,0.26353231072033284,A
SKU000249,28350400,0.26494682403084,A
SKU000539,28306200,0.2663591320289592,A
SKU000567,28140000,0.267763147653348,A
SKU000316,28027400,0.2691615452194815,A
SKU000563,27988800,0.2705580168793213,A
SKU000486,27961200,0.2719531114662673,A
SKU000396,27789800,0.2733396542309667,A
SKU000538,27738900,0.27472365739384363,A
SKU000477,27715100,0.2761064730808194,A
SKU000478,27657400,0.2774864098871439,A
SKU000483,27639600,0.27886545858123973,A
SKU000507,27634500,0.28024425281621385,A
SKU000733,27612000,0.28162192443741585,A
SKU000242,27606000,0.2829992966949452,A
SKU000586,27508200,0.2843717893246116,A
SKU001113,27338800,0.2857358299199222,A
SKU000550,27319500,0.287098907562086,A
SKU001117,27286200,0.28846032373586705,A
SKU000578,27255600,0.2898202131549179,A
SKU000530,27242200,0.2911794339951,A
SKU000473,27237100,0.2925384003761604,A
SKU000510,27235600,0.2938972919163027,A
SKU000511,27218400,0.29525532528058357,A
SKU000574,27180800,0.2966114826325163,A
SKU000519,27175200,0.29796736057835466,A
SKU000528,27150600,0.2993220111331354,A
SKU000444,27132000,0.3006757336605312,A
SKU000216,26977500,0.3020217475733581,A
SKU000484,26974200,0.30336759683616504,A
SKU000533,26907200,0.30471010320462827,A
SKU000585,26838000,0.3060491569120677,A
SKU001032,26753400,0.3073839895917238,A
SKU001112,26746000,0.3087184530561838,A
SKU000570,26691500,0.3100501973006178,A
SKU000547,26500000,0.3113723868545021,A
SKU000573,26433000,0.31269123351404254,A
SKU000491,26425000,0.3140096810220196,A
SKU000226,26387400,0.3153262525176485,A
SKU000558,26290000,0.3166379643429925,A
SKU001028,26275600,0.3179489576955224,A
SKU000711,26235300,0.31925794032205146,A
SKU000589,26212500,0.3205657853666247,A
SKU000685,26146400,0.32187033242140506,A
SKU000532,26137600,0.32317444040946564,A
SKU000314,26082000,0.32447577429416036,A
SKU000243,26040100,0.3257750176225415,A
SKU000236,25987500,0.32707163652939314,A
SKU000580,25978000,0.32836778144376316,A
SKU000333,25769700,0.32965353344930015,A
SKU000384,25746000,0.33093810296833054,A
SKU000555,25704000,0.3322205769416528,A
SKU000321,25658600,0.33350078572985264,A
SKU001037,25638600,0.3347799966391438,A
SKU000220,25608000,0.3360576807937049,A
SKU001017,25584000,0.33733416749357564,A
SKU000208,25583300,0.3386106192676846,A
SKU000568,25562600,0.33988603823712316,A
SKU000513,25527600,0.3411597109184717,A
SKU000295,25471800,0.34243059951766525,A
SKU000695,25336800,0.3436947524342258,A
SKU001073,25272400,0.3449556921807007,A
SKU000291,25207000,0.3462133688631445,A
SKU000543,25204500,0.3474709208107247,A
SKU000341,25200800,0.34872828815070683,A
SKU000561,25200000,0.34998561557553265,A
SKU000286,25190900,0.351242488965455,A
SKU000508,25132800,0.352496463517148,A
SKU000506,25128000,0.3537501985779028,A
SKU001053,25092000,0.3550021374566222,A
SKU000624,25073400,0.3562531483079566,A
SKU000209,25015900,0.3575012902574288,A
SKU001071,24957200,0.3587465034323043,A
SKU000540,24769600,0.3599823565030172,A
SKU000515,24710700,0.36121527082034427,A
SKU000471,24707200,0.3624480105088624,A
SKU000348,24638000,0.36367729753635675,A
SKU000479,24539600,0.3649016749996208,A
SKU000233,24483100,0.3661232334549681,A
SKU000290,24470900,0.3673441832041812,A
SKU000720,24360700,0.3685596346406079,A
SKU000218,24344100,0.36977425783754053,A
SKU000554,24317600,0.37098755884491924,A
SKU000522,24254000,0.3721976865973686,A
SKU000700,24246000,0.3734074151982546,A
SKU000689,24032800,0.37460650640997495,A
SKU000549,24019800,0.37580494900040473,A
SKU000581,23928600,0.37699884126301136,A
SKU000588,23927400,0.37819267365288345,A
SKU000353,23854200,0.37938285380595005,A
SKU000494,23777000,0.38056918214642954,A
SKU000534,23758400,0.38175458245952404,A
SKU001094,23751000,0.38293961355742234,A
SKU000505,23738000,0.3841239960340301,A
SKU000211,23712000,0.38530708126805663,A
SKU000526,23684400,0.3864887894291893,A
SKU000474,23647000,0.38766863155676295,A
SKU000299,23598500,0.38884605382798326,A
SKU000215,23587200,0.3900229122976202,A
SKU000296,23583000,0.3911995612126863,A
SKU000485,23582600,0.3923761901701743,A
SKU000401,23500800,0.3935487378029261,A
SKU000488,23419000,0.3947172041109418,A
SKU000665,23303700,0.39587991764704944,A
SKU000340,23288300,0.3970418628163975,A
SKU000408,23281500,0.3982034687069166,A
SKU001075,23265000,0.3993642513473361,A
SKU000339,23224600,0.40052301827236025,A
SKU000283,23177000,0.401679410245582,A
SKU000571,23141800,0.40283404595192457,A
SKU000268,23098600,0.4039865262398246,A
SKU000512,23073600,0.40513775917908895,A
SKU001011,23033700,0.40628700134993057,A
SKU000537,22965500,0.40743284075369396,A
SKU000525,22933200,0.40857706858301995,A
SKU000615,22932800,0.40972127645476775,A
SKU000414,22839500,0.410860829221407,A
SKU000475,22765200,0.4119966748679008,A
SKU000399,22567700,0.41312266646017226,A
SKU000495,22545600,0.41424755539624974,A
SKU000566,22535200,0.4153719254352947,A
SKU000343,22517000,0.4164953874045329,A
SKU000623,22475500,0.4176167787750358,A
SKU000572,22464900,0.4187376412697171,A
SKU000509,22392000,0.4198548664957766,A
SKU000359,22380700,0.4209715279202527,A
SKU000308,22324400,0.42208538031560117,A
SKU000221,22202800,0.42319316560718534,A
SKU000238,22184800,0.42430005280775185,A
SKU000576,22160400,0.42540572259604986,A
SKU000535,22137500,0.4265102498129975,A
SKU000322,22135000,0.42761465229508155,A
SKU000557,22082000,0.4287164103980579,A
SKU000250,22071000,0.4298176196676345,A
SKU000309,22048000,0.4309176813764662,A
SKU000214,22045300,0.4320176083716452,A
SKU001063,21973400,0.43311394799214786,A
SKU000594,21930000,0.4342081222154189,A
SKU000330,21897600,0.435300679874858,A
SKU000487,21876000,0.43639215982507584,A
SKU000310,21854000,0.4374825421084942,A
SKU001049,21813000,0.43857087874014994,A
SKU000260,21800000,0.4396585667505151,A
SKU000262,21789200,0.44074571590626965,A
SKU000300,21780000,0.4418324060377262,A
SKU000326,21777000,0.4429189464873465,A
SKU000324,21736000,0.4440034412852042,A
SKU000336,21687400,0.445085511237314,A
SKU000265,21671500,0.4461667878756914,A
SKU000223,21601800,0.44724458690607244,A
SKU000466,21552000,0.4483199012179711,A
SKU000279,21516600,0.4493934492842015,A
SKU000649,21440000,0.450463175474212,A
SKU000628,21438900,0.45153284678088257,A
SKU000417,21422300,0.452601689848059,A
SKU000439,21402000,0.45366952006814315,A
SKU000501,21331200,0.4547338177968909,A
SKU000431,21259700,0.4557945481085405,A
SKU000461,21236600,0.45685412587005064,A
SKU000264,21215800,0.4579126658374958,A
SKU000342,21195600,0.45897019794724336,A
SKU000618,21128800,0.46002439714143617,A
SKU001065,21126600,0.46107848656894906,A
SKU000302,21097500,0.46213112408264995,A
SKU000270,21072800,0.4631825292158987,A
SKU000963,21065700,0.4642335801021349,A
SKU000661,21051800,0.46528393746252966,A
SKU000362,21041200,0.46633376594710285,A
SKU000212,21031200,0.46738309549222173,A
SKU000457,21009800,0.46843135730690844,A
SKU000331,21004100,0.4694793347261062,A
SKU000948,20984800,0.47052634919215713,A
SKU000301,20958200,0.47157203647925966,A
SKU000252,20870000,0.47261332312037535,A
SKU000727,20863600,0.4736542904402402,A
SKU000271,20840000,0.474694080262993,A
SKU000502,20815200,0.4757326327158991,A
SKU000227,20775100,0.47676918442159344,A
SKU000247,20736600,0.4778038152103888,A
SKU000739,20680500,0.47883564694884556,A
SKU000327,20675200,0.4798672142493915,A
SKU000517,20624800,0.4808962668950878,A
SKU000234,20617200,0.48192494034679884,A
SKU000235,20602800,0.4829528953256957,A
SKU000347,20572800,0.48397935348622967,A
SKU000443,20501000,0.4850022292614818,A
SKU000318,20488000,0.48602445641544334,A
SKU001085,20485200,0.48704654386635765,A
SKU000244,20442400,0.4880664958564076,A
SKU001096,20428800,0.4890857692887997,A
SKU000293,20425000,0.4901048531241992,A
SKU000544,20425000,0.49112393695959866,A
SKU000210,20398000,0.49214167365847156,A
SKU000490,20383000,0.493158661948163,A
SKU000499,20357400,0.49417437295285144,A
SKU000583,20336000,0.49518901622710765,A
SKU000203,20328600,0.4962032902861677,A
SKU000599,20175000,0.4972099006352098,A
SKU000691,20078400,0.4982116912291234,A
SKU000397,20076000,0.49921336207756795,A
SKU000690,20067600,0.5002146138168708,A
SKU000312,19956200,0.501210307370653,A
SKU000266,19920600,0.5022042246999777,A
SKU000654,19874400,0.5031958369290237,A
SKU000620,19836900,0.504185578135116,A
SKU000610,19828900,0.5051749201896449,A
SKU000317,19788000,0.5061622215818057,A
SKU000679,19777500,0.5071489990875395,A
SKU000916,19771700,0.5081354872083899,A
SKU000598,19745600,0.5091206730972645,A
SKU000676,19698000,0.5101034840343366,A
SKU000708,19689600,0.5110858758622672,A
SKU000621,19672800,0.5120674294719145,A
SKU000237,19666500,0.5130486687497057,A
SKU000273,19646900,0.5140289301061663,A
SKU000225,19642400,0.5150089669398726,A
SKU000905,19617000,0.515987736467365,A
SKU000634,19550000,0.5169631631005136,A
SKU000255,19536000,0.5179378912184261,A
SKU000603,19519500,0.518911796086239,A
SKU000418,19475000,0.5198834806734804,A
SKU000447,19474000,0.5208551153667764,A
SKU000204,19394900,0.5218228034489888,A
SKU000228,19324800,0.5227869939656267,A
SKU000714,19289200,0.5237494082578072,A
SKU000627,19227000,0.524708719146582,A
SKU000433,19213200,0.5256673414989099,A
SKU000551,19178500,0.5266242325313314,A
SKU000245,19166400,0.5275805198470132,A
SKU000230,19146400,0.5285358092837864,A
SKU000378,19117800,0.5294896717537203,A
SKU000231,19110000,0.5304431450508799,A
SKU000702,19102200,0.5313962291752651,A
SKU000476,19088100,0.5323486097950197,A
SKU000912,19007900,0.5332969889203509,A
SKU000248,18982600,0.5342441057288627,A
SKU000644,18937600,0.5351889773098302,A
SKU000292,18934800,0.5361337091877505,A
SKU000375,18918900,0.5370776477519384,A
SKU000311,18879000,0.5380195955477038,A
SKU000682,18870300,0.5389611092661439,A
SKU000201,18868000,0.5399025082285095,A
SKU000938,18850000,0.5408430090998574,A
SKU000282,18826500,0.5417823374634876,A
SKU000591,18778300,0.5427192609389482,A
SKU000251,18731100,0.5436538294201845,A
SKU000481,18678000,0.5445857485329184,A
SKU000562,18645000,0.5455160211454533,A
SKU000394,18638600,0.5464459744367373,A
SKU000387,18612400,0.5473746205066511,A
SKU000548,18611600,0.5483032266614085,A
SKU000425,18557100,0.54922911359614,A
SKU000853,18474400,0.5501508743015846,A
SKU000297,18465200,0.5510721759827311,A
SKU000546,18437100,0.5519920756440111,A
SKU000465,18404000,0.5529103238156974,A
SKU000383,18392000,0.5538279732600384,A
SKU000943,18388500,0.5547454480755706,A
SKU000712,18360000,0.555661500913658,A
SKU000595,18354700,0.5565772893138345,A
SKU000973,18334800,0.5574920848244971,A
SKU000693,18292500,0.558404769821268,A
SKU000565,18272100,0.559316436981552,A
SKU000328,18243500,0.5602266771749969,A
SKU000246,18216000,0.5611355452849424,A
SKU000407,18193600,0.5620432957705102,A
SKU000678,18168700,0.5629498038968369,A
SKU000263,18146700,0.5638552143563641,A
SKU000303,18102000,0.5647583945565307,A
SKU000639,18093600,0.5656611556475556,A
SKU000429,18064000,0.5665624398777958,A
SKU000521,18056000,0.5674633249564726,A
SKU000289,18029200,0.5683628728774118,A
SKU000398,18002700,0.5692610986087971,A
SKU000958,17994000,0.5701588902628573,A
SKU000462,17935000,0.5710537381741371,A
SKU000288,17928900,0.5719482817323497,A
SKU000267,17915900,0.5728421766692718,A
SKU000307,17865000,0.5737335320043715,A
SKU000582,17820100,0.5746226471013214,A
SKU000287,17788100,0.5755101655920176,A
SKU000703,17743400,0.5763954538233531,A
SKU000345,17695400,0.5772783471453079,A
SKU000587,17679600,0.578160452142925,A
SKU000219,17660500,0.5790416041661843,A
SKU000349,17615200,0.5799204959937158,A
SKU000725,17499300,0.5807936051129718,A
SKU000655,17496000,0.5816665495822081,A
SKU000206,17480000,0.5825386957483174,A
SKU000240,17480000,0.5834108419144267,A
SKU000729,17466000,0.5842822895653,A
SKU000254,17455800,0.5851532282979299,A
SKU000366,17452800,0.5860240173487236,A
SKU000258,17442000,0.5868942675449066,A
SKU000847,17425800,0.5877637094591736,A
SKU000715,17425000,0.5886331114582842,A
SKU000536,17424600,0.5895024934998168,A
SKU000276,17417300,0.5903715113155477,A
SKU000696,17412200,0.5912402746721569,A
SKU000731,17404000,0.5921086288984135,A
SKU000643,17399500,0.5929767586019158,A
SKU000718,17371200,0.5938434763067624,A
SKU000376,17364200,0.5947098447539909,A
SKU000294,17352400,0.5955756244526634,A
SKU000356,17348400,0.5964412045755542,A
SKU000393,17332700,0.5973060013635018,A
SKU000614,17326400,0.598170483819593,A
SKU000611,17325000,0.5990348964241609,A
SKU000277,17309800,0.599898550640758,A
SKU000613,17284800,0.6007609575087195,A
SKU000374,17263500,0.6016223016356432,A
SKU000274,17257800,0.6024833613670781,A
SKU000313,17235900,0.603343328421108,A
SKU000323,17180400,0.6042005263611667,A
SKU000338,17146200,0.6050560179282917,A
SKU000256,17119000,0.6059101523801008,A
SKU000875,17096400,0.6067631592287434,A
SKU000365,17093500,0.6076160213849442,A
SKU000445,17087700,0.6084685941562614,A
SKU000686,17078400,0.6093207029138863,A
SKU000319,17076600,0.6101727218624092,A
SKU000846,17019000,0.6110218669196755,A
SKU000648,17001900,0.611870158790475,A
SKU000213,17000000,0.6127183558627781,A
SKU000784,16976300,0.6135653704485745,A
SKU000783,16970600,0.614412100638882,A
SKU000625,16969500,0.6152587759458495,A
SKU000305,16968000,0.6161053764118989,A
SKU000346,16954000,0.6169512783627122,A
SKU000726,16942800,0.6177966215013367,A
SKU000617,16865600,0.6186381128273741,A
SKU000719,16839000,0.6194782769744631,A
SKU000996,16809000,0.6203169443031892,A
SKU000229,16799300,0.6211551276606445,A
SKU000728,16790000,0.6219928470044074,A
SKU000405,16783200,0.6228302270693414,A
SKU000435,16783200,0.6236676071342754,A
SKU000139,16743300,0.6245029964307868,A
SKU000919,16737600,0.6253381013318091,A
SKU000717,16727000,0.62617267735701,A
SKU000612,16716000,0.627006704548811,A
SKU000673,16712000,0.6278405321648305,A
SKU000564,16704000,0.6286739606292864,A
SKU000722,16703400,0.6295073591573751,A
SKU000352,16669800,0.6303390812488974,A
SKU000834,16637500,0.6311691917659822,A
SKU000272,16620800,0.6319984690541784,A
SKU000325,16603600,0.6328268881665132,A
SKU000552,16584000,0.6336543293575176,A
SKU000629,16583400,0.6344817406121548,A
SKU000278,16546400,0.6353073057908111,A
SKU000688,16503900,0.6361307504767866,A
SKU000372,16479400,0.636952972761099,A
SKU000217,16443000,0.6377733789057979,A
SKU000381,16423200,0.6385927971503772,A
SKU000459,16384200,0.6394102695310847,A
SKU000489,16379000,0.6402274824632761,A
SKU000426,16365600,0.6410440268165987,A
SKU000464,16321500,0.6418583708469278,A
SKU000320,16292500,0.6426712679528395,A
SKU000448,16286300,0.6434838557162894,A
SKU000329,16285500,0.6442964035645832,A
SKU000382,16270100,0.6451081830461172,A
SKU000909,16269000,0.6459199076443113,A
SKU000882,16267800,0.6467315723697709,A
SKU000351,16266100,0.6475431522755232,A
SKU000701,16260300,0.648354442796392,A
SKU000849,16250200,0.649165229388412,A
SKU000067,16228800,0.6499749482499998,A
SKU000285,16168000,0.6507816335597055,A
SKU000653,16162400,0.6515880394633168,A
SKU000269,16130400,0.6523928487606743,A
SKU000371,16124100,0.6531973437261757,A
SKU000697,16095000,0.654000386777865,A
SKU000386,16067300,0.6548020477672659,A
SKU000640,16065000,0.6556035940005923,A
SKU000740,16060700,0.6564049256899535,A
SKU000674,16021800,0.6572043165048373,A
SKU000088,16012600,0.6580032482954232,A
SKU000202,15998800,0.6588014915495622,A
SKU000609,15979700,0.6595987818293435,A
SKU000681,15937500,0.6603939665846277,A
SKU000910,15923200,0.6611884378564923,A
SKU000656,15915900,0.6619825449025551,A
SKU000764,15878300,0.6627747759362699,A
SKU000404,15867600,0.6635664731047685,A
SKU000315,15831200,0.6643563541336535,A
SKU000709,15827000,0.6651460256079677,A
SKU000239,15800000,0.6659343499457553,A
SKU000344,15789600,0.6667221553865105,A
SKU000545,15741200,0.6675075459603068,A
SKU000350,15724800,0.6682921182733981,A
SKU000224,15720800,0.6690764910107077,A
SKU000606,15713100,0.6698604795646375,A
SKU000388,15688000,0.6706432157805369,A
SKU000463,15665700,0.6714248393614533,A
SKU000838,15642600,0.6722053103922303,A
SKU000824,15636800,0.6729854920381237,A
SKU000257,15597000,0.6737636879049892,A
SKU000820,15595200,0.6745417939627528,A
SKU000492,15492000,0.6753147509653481,A
SKU000939,15480200,0.6760871192193872,A
SKU000597,15479100,0.6768594325900865,A
SKU000596,15470000,0.6776312919258823,A
SKU000050,15469800,0.6784031412828891,A
SKU000446,15435000,0.6791732543305948,A
SKU000424,15430800,0.6799431578237298,A
SKU000232,15381000,0.6807105765983825,A
SKU000061,15360000,0.6814769476001811,A
SKU000450,15346700,0.6822426550125055,A
SKU000998,15328000,0.6830074294080503,A
SKU000601,15325800,0.6837720940369151,A
SKU000402,15315300,0.684536234779353,A
SKU000428,15237600,0.685296498762231,A
SKU000765,15215000,0.6860556351419422,A
SKU000652,15139800,0.6868110194969572,A
SKU000364,15131700,0.6875659997110143,A
SKU000335,15129300,0.6883208601796023,A
SKU000369,15127200,0.6890756158709048,A
SKU000390,15114300,0.6898297279303113,A
SKU000400,15112500,0.6905837501806161,A
SKU000200,15100800,0.6913371886717593,A
SKU000906,15062600,0.6920887212141871,A
SKU000993,15055800,0.692839914477786,A
SKU000377,14994000,0.6935880242955573,A
SKU000707,14944500,0.6943336643630299,A
SKU000452,14934000,0.6950787805440755,A
SKU000710,14924000,0.6958233977856668,A
SKU000666,14906800,0.6965671568513967,A
SKU000664,14880800,0.6973096186745454,A
SKU000667,14877400,0.6980519108582797,A
SKU000460,14874800,0.6987940733177558,A
SKU000438,14857000,0.6995353476650032,A
SKU000469,14835000,0.7002755243454513,A
SKU000411,14831100,0.7010155064395122,A
SKU000848,14815500,0.7017547101880244,A
SKU000680,14814800,0.7024938790107746,A
SKU000409,14805000,0.7032325588728598,A
SKU000736,14800000,0.7039709892652178,A
SKU000458,14793600,0.7047091003363251,A
SKU000280,14784000,0.7054467324255562,A
SKU000406,14783400,0.7061843345784201,A
SKU000742,14749900,0.7069202652841121,A
SKU000925,14737400,0.7076555723154861,A
SKU000647,14728000,0.7083904103437733,A
SKU000275,14720400,0.709124869178075,A
SKU000434,14693000,0.7098579609182721,A
SKU000604,14657800,0.7105892963915901,A
SKU000602,14591300,0.7113173139175368,A
SKU000758,14587000,0.7120451168995184,A
SKU000734,14585400,0.7127728400511872,A
SKU000298,14568400,0.7134997150057837,A
SKU000899,14566500,0.7142264951618839,A
SKU000637,14565600,0.7149532304134332,A
SKU000470,14561600,0.7156797660892008,A
SKU000395,14541000,0.7164052739496926,A
SKU000642,14528000,0.7171301331888937,A
SKU000605,14526200,0.7178549026189931,A
SKU000675,14508000,0.7185787639792857,A
SKU000671,14378200,0.7192961491054615,A
SKU000788,14333000,0.7200112790253038,A
SKU000047,14332500,0.7207263839981735,A
SKU000772,14301300,0.7214399322799457,A
SKU000410,14276100,0.7221522232342932,A
SKU000716,14276000,0.722864509199246,A
SKU000043,14275000,0.7235767452702535,A
SKU000782,14242600,0.724287364777429,A
SKU000440,14230200,0.7249973655996813,A
SKU000380,14227000,0.7257072067613082,A
SKU000633,14216000,0.7264164990895353,A
SKU000441,14200000,0.7271249931146355,A
SKU000600,14176400,0.7278323096426237,A
SKU000778,14106400,0.7285361335944317,A
SKU000944,14084700,0.7292388748476238,A
SKU000241,14069300,0.7299408477340565,A
SKU000724,14063000,0.7306425062886329,A
SKU000422,14061000,0.7313440650553185,A
SKU000814,14060500,0.7320455988750312,A
SKU000999,14036000,0.732745910293081,A
SKU000800,14025000,0.7334456728777311,A
SKU000831,14016800,0.7341450263320286,A
SKU000630,14014400,0.7348442600408571,A
SKU000593,13935000,0.7355395321704186,A
SKU000451,13895000,0.7362328085421628,A
SKU000941,13868100,0.736924742766775,A
SKU000337,13866300,0.7376165871822853,A
SKU000368,13860200,0.7383081272447286,A
SKU000284,13855600,0.7389994377950229,A
SKU000632,13845000,0.7396902194694956,A
SKU000694,13837200,0.740380611971194,A
SKU000013,13814400,0.7410698668909367,A
SKU000980,13786500,0.7417577297696017,A
SKU000723,13762500,0.7424443951935765,A
SKU000650,13750800,0.7431304768583898,A
SKU000954,13750000,0.7438165186080468,A
SKU000860,13749400,0.7445025304213364,A
SKU000897,13749400,0.745188542234626,A
SKU000988,13702400,0.7458722090324805,A
SKU000527,13689600,0.7465552371878336,A
SKU000767,13676200,0.7472375967643178,A
SKU001006,13645500,0.7479184245966773,A
SKU000775,13640000,0.748598978012337,A
SKU000453,13638200,0.7492794416188949,A
SKU000669,13629100,0.7499594511905494,A
SKU000927,13617500,0.7506388819924369,A
SKU000357,13615000,0.7513181880594608,A
SKU000677,13603800,0.7519969353142959,A
SKU000721,13576000,0.7526742955174481,A
SKU000672,13557600,0.7533507376720043,A
SKU000332,13543600,0.7540264813113247,A
SKU000884,13534600,0.7547017759051361,A
SKU000171,13515000,0.7553760925776171,A
SKU000793,13503300,0.7560498254909365,A
SKU000184,13499700,0.7567233787860523,A
SKU000004,13497600,0.7573968273038829,A
SKU000942,13496400,0.7580702159489788,A
SKU000421,13475000,0.7587425368636427,A
SKU000757,13473000,0.7594147579904156,A
SKU000692,13465200,0.7600865899444141,A
SKU000878,13463400,0.760758332089311,A
SKU000956,13462200,0.7614300143614733,A
SKU000826,13456700,0.7621014222169357,A
SKU000197,13432600,0.7627716276283133,A
SKU000741,13422000,0.7634413041638692,A
SKU000062,13402800,0.7641100227356731,A
SKU000077,13382400,0.76477772347099,A
SKU000959,13377300,0.7654451697471853,A
SKU000416,13349600,0.7661112339610923,A
SKU000756,13345800,0.7667771085780066,A
SKU000735,13343100,0.7674428484812682,A
SKU000946,13338000,0.7681083339254081,A
SKU000759,13336200,0.7687737295604463,A
SKU000787,13324200,0.7694385264681394,A
SKU000413,13288000,0.7701015172150077,A
SKU000651,13283000,0.7707642584921491,A
SKU000001,13280400,0.7714268700450323,A
SKU000631,13262000,0.7720885635493195,A
SKU000670,13246800,0.7727494986656364,A
SKU000379,13246400,0.7734104138243749,A
SKU000893,13240500,0.7740710346088354,A
SKU000818,13239200,0.7747315905311669,A
SKU000468,13205600,0.775390470016932,A
SKU000363,13185900,0.7760483665919721,A
SKU000940,13171200,0.7767055297260144,A
SKU000914,13162500,0.7773622587827315,A
SKU000923,13161300,0.7780189279667139,A
SKU000645,13120800,0.7786735764459066,A
SKU000789,13112200,0.7793277958371685,A
SKU000863,13104000,0.7799816060980779,A
SKU000358,13104000,0.7806354163589874,A
SKU000222,13100500,0.7812890519910878,A
SKU000819,13092000,0.781942263524652,A
SKU000852,13068000,0.782594277603526,A
SKU000936,13055800,0.7832456829762656,A
SKU000877,13053600,0.7838969785823254,A
SKU000646,13042900,0.7845477403231691,A
SKU000902,13028400,0.785197778601804,A
SKU000705,12992000,0.7858460007408253,A
SKU000886,12984300,0.7864938386964668,A
SKU000917,12982800,0.7871416018111901,A
SKU000713,12972200,0.787788836050092,A
SKU000683,12966800,0.7884358008616884,A
SKU000888,12947900,0.7890818226777162,A
SKU000110,12943800,0.7897276399285679,A
SKU000078,12910000,0.790371770764064,A
SKU000983,12904800,0.7910156421510437,A
SKU000841,12899200,0.7916592341319292,A
SKU000915,12896000,0.7923026664521893,A
SKU000850,12877500,0.7929451757344589,A
SKU000658,12846600,0.7935861432938147,A
SKU000952,12816100,0.7942255890878349,A
SKU000143,12795000,0.7948639821196065,A
SKU000869,12790600,0.7955021556180183,A
SKU000419,12776400,0.7961396206224051,A
SKU000766,12762400,0.7967763871115556,A
SKU000518,12753000,0.7974126845976193,A
SKU000253,12753000,0.7980489820836829,A
SKU000738,12726000,0.79868393243322,A
SKU000855,12722400,0.7993187031645534,A
SKU000188,12720400,0.799953374107996,A
SKU000760,12720000,0.8005880250938605,B
SKU000699,12717000,0.8012225263978886,B
SKU000835,12696200,0.8018559899078519,B
SKU000423,12687700,0.8024890293192789,B
SKU000985,12679000,0.8031216346533808,B
SKU000744,12661400,0.803753361854043,B
SKU000622,12660800,0.804385059118338,B
SKU000415,12639200,0.8050156786734118,B
SKU000753,12637800,0.805646228376962,B
SKU000071,12617500,0.8062757652334198,B
SKU000334,12597000,0.8069042792639964,B
SKU000806,12572100,0.8075315509353319,B
SKU000949,12567500,0.8081585930945183,B
SKU000041,12565000,0.8087855105188412,B
SKU000737,12563000,0.8094123281552732,B
SKU000150,12557600,0.8100388763643999,B
SKU000974,12555900,0.8106653397538193,B
SKU000019,12548800,0.8112914488962262,B
SKU000420,12547400,0.8119174881871095,B
SKU000162,12511400,0.8125417312959573,B
SKU000660,12490800,0.8131649465895293,B
SKU000427,12480000,0.8137876230284906,B
SKU000978,12478000,0.8144101996795611,B
SKU000392,12474000,0.8150325767548499,B
SKU000684,12458600,0.8156541854633791,B
SKU000099,12446400,0.8162751854657739,B
SKU000790,12437900,0.8168957613696327,B
SKU000304,12426400,0.817515763493119,B
SKU000021,12364000,0.8181326522344106,B
SKU000924,12336000,0.81874814394523,B
SKU000769,12320000,0.8193628373529226,B
SKU000982,12307000,0.8199768821393246,B
SKU000180,12270600,0.8205891107861131,B
SKU000207,12257400,0.8212006808328217,B
SKU000370,12255000,0.8218121311340615,B
SKU000842,12253600,0.8224235115837776,B
SKU000030,12244500,0.8230344379985902,B
SKU000198,12238500,0.8236450650497303,B
SKU000430,12227600,0.8242551482568652,B
SKU000412,12201000,0.8248639042850517,B
SKU000751,12174200,0.8254713231555006,B
SKU000403,12150800,0.8260775745076266,B
SKU000626,12142500,0.8266834117400055,B
SKU000776,12139000,0.8272890743435753,B
SKU000792,12131600,0.827894367731949,B
SKU000837,12117600,0.8284989626050866,B
SKU000933,12101100,0.8291027342281247,B
SKU000133,12072000,0.8297050539373507,B
SKU000780,12070000,0.830307273858686,B
SKU000797,12038400,0.8309079171313456,B
SKU000918,12030000,0.8315081412948636,B
SKU000432,12022500,0.832107991253791,B
SKU000932,11992500,0.8327063443943553,B
SKU000994,11986500,0.8333043981712472,B
SKU000749,11960000,0.8339011297585851,B
SKU000752,11942200,0.8344969732336944,B
SKU000871,11941600,0.8350927867724365,B
SKU000183,11925000,0.8356877720716844,B
SKU000072,11905100,0.8362817644814183,B
SKU000141,11904000,0.8368757020078121,B
SKU000970,11878400,0.8374683622492031,B
SKU000635,11875500,0.8380608777981522,B
SKU000467,11852400,0.838652240796962,B
SKU000015,11846500,0.8392433094214937,B
SKU000436,11836800,0.8398338940747547,B
SKU000971,11835800,0.8404244288340703,B
SKU000385,11828600,0.8410146043569788,B
SKU000876,11804800,0.8416035924039861,B
SKU000455,11802800,0.8421924806631025,B
SKU001008,11786500,0.8427805556509085,B
SKU000091,11777700,0.8433681915719946,B
SKU000904,11767600,0.8439553235642319,B
SKU000953,11752000,0.8445416772109204,B
SKU000592,11745000,0.8451276815999911,B
SKU000845,11742500,0.845713561254198,B
SKU000027,11740800,0.8462993560886979,B
SKU000929,11736900,0.8468849563368105,B
SKU000192,11706100,0.8474690198514039,B
SKU000145,11687400,0.8480521503492177,B
SKU000113,11680200,0.8486349216106245,B
SKU000989,11676500,0.8492175082644331,B
SKU000659,11670000,0.8497997706075965,B
SKU000704,11667600,0.8503819132052909,B
SKU000976,11667500,0.8509640508135906,B
SKU000007,11665000,0.8515460636870269,B
SKU000456,11661000,0.8521278769846814,B
SKU000195,11628800,0.852708083697293,B
SKU000892,11588500,0.8532862796839039,B
SKU000830,11572200,0.8538636623992043,B
SKU000367,11558800,0.8544403765356359,B
SKU000454,11502000,0.8550142566959671,B
SKU000186,11472400,0.8555866599955135,B
SKU000799,11443600,0.8561576263494316,B
SKU000129,11440000,0.8567284130851462,B
SKU000177,11410000,0.8572977030024979,B
SKU000668,11396000,0.8578662944046136,B
SKU000114,11367900,0.8584334837868627,B
SKU000045,11356800,0.8590001193463175,B
SKU000174,11336500,0.8595657420586801,B
SKU000662,11328000,0.8601309406725065,B
SKU000990,11309400,0.860695211258948,B
SKU000636,11279700,0.8612579999952101,B
SKU000798,11276100,0.8618206091132689,B
SKU000199,11260800,0.8623824548539624,B
SKU000874,11256000,0.8629440611037179,B
SKU000189,11240200,0.8635048790291356,B
SKU000732,11228800,0.8640651281635755,B
SKU000281,11223000,0.8646250879131319,B
SKU000706,11214000,0.8651845986171793,B
SKU000889,11211400,0.8657439795969687,B
SKU000900,11169900,0.8663012899780227,B
SKU000810,11161800,0.8668581962181188,B
SKU000836,11159200,0.8674149727339567,B
SKU000657,11145600,0.8679710706921367,B
SKU000945,11143500,0.8685270638730315,B
SKU000840,11143000,0.8690830321069535,B
SKU000054,11134200,0.8696385612741556,B
SKU000986,11132100,0.8701939856640725,B
SKU000811,11130000,0.8707493052767038,B
SKU000748,11127200,0.871304485186288,B
SKU000870,11098200,0.8718582181714547,B
SKU000449,11097300,0.8724119062520705,B
SKU000025,11092400,0.8729653498523539,B
SKU000774,11076000,0.8735179751919321,B
SKU000984,11073200,0.8740704608284631,B
SKU000965,11072200,0.8746228965710485,B
SKU000028,11068200,0.8751751327378524,B
SKU000794,11060500,0.8757269847212764,B
SKU000687,11027100,0.8762771702469231,B
SKU000194,10998600,0.8768259337951251,B
SKU000908,10997600,0.8773746474493815,B
SKU000975,10984800,0.8779227224611366,B
SKU000185,10947200,0.8784689214605435,B
SKU000085,10946300,0.8790150755553995,B
SKU000126,10936900,0.8795607606471684,B
SKU000762,10923000,0.8801057522130958,B
SKU000608,10904800,0.8806498357092165,B
SKU000745,10896000,0.8811934801386173,B
SKU000101,10893700,0.8817370098119437,B
SKU000911,10893400,0.8822805245170865,B
SKU000053,10843200,0.8828215345461686,B
SKU000641,10842000,0.8833624847025163,B
SKU000859,10842000,0.883903434858864,B
SKU000934,10825200,0.8844435467969285,B
SKU000159,10824100,0.884983603851653,B
SKU000154,10791600,0.885522039353151,B
SKU000082,10766800,0.8860592374848023,B
SKU000160,10756800,0.8865959366769993,B
SKU000922,10751400,0.8871323664418911,B
SKU000913,10698600,0.8876661618064642,B
SKU000833,10690100,0.8881995330725011,B
SKU000969,10672200,0.8887320112369148,B
SKU000105,10665200,0.8892641401437106,B
SKU000040,10665000,0.8897962590717171,B
SKU000991,10654600,0.8903278591026913,B
SKU000822,10644000,0.8908589302578439,B
SKU000109,10635000,0.8913895523674876,B
SKU000960,10614000,0.8919191267042774,B
SKU000805,10613100,0.8924486561365162,B
SKU000777,10584000,0.892976733654943,B
SKU000808,10578700,0.8935045467354591,B
SKU000781,10560000,0.8940314267991957,B
SKU000907,10539100,0.8945572640794727,B
SKU000815,10520000,0.895082148385392,B
SKU000106,10515000,0.8956067832215842,B
SKU000024,10508300,0.896131083768342,B
SKU000663,10499100,0.8966549252908018,B
SKU000191,10481100,0.897177868722244,B
SKU000755,10477600,0.8977006375248772,B
SKU000992,10460800,0.8982225681092271,B
SKU000142,10458000,0.8987443589905297,B
SKU000920,10432800,0.8992648925444076,B
SKU000616,10430400,0.8997853063528165,B
SKU001003,10428400,0.9003056203733344,B
SKU000773,10426500,0.9008258395953561,B
SKU000437,10379600,0.9013437187913371,B
SKU000355,10365000,0.9018608695357149,B
SKU000389,10349000,0.9023772219769658,B
SKU000035,10314000,0.9028918281301266,B
SKU000868,10302000,0.9034058355559423,B
SKU000032,10286400,0.9039190646362093,B
SKU000175,10283600,0.904432154013429,B
SKU000865,10260000,0.9049440658935367,B
SKU000861,10255000,0.9054557283039172,B
SKU000163,10251000,0.905967191138516,B
SKU000190,10246000,0.9064784045033876,B
SKU000785,10236800,0.9069891588439613,B
SKU000872,10223700,0.9074992595738498,B
SKU000887,10200600,0.9080082077535989,B
SKU000955,10193200,0.908516786718152,B
SKU000156,10170800,0.9090242480583273,B
SKU000809,10158400,0.9095310907135792,B
SKU000997,10135800,0.9100368057656645,B
SKU001005,10119900,0.9105417275040174,B
SKU000017,10110000,0.9110461552923107,B
SKU000121,10070600,0.9115486172591539,B
SKU000746,10059500,0.912050525403203,B
SKU000065,10006200,0.9125497741999605,B
SKU000977,9982800,0.9130478554783952,B
SKU000930,9976900,0.9135456423825516,B
SKU000074,9973400,0.9140432546578992,B
SKU001001,9951000,0.914539749308869,B
SKU000148,9948400,0.9150361142355808,B
SKU000117,9924400,0.9155312817076023,B
SKU000084,9913200,0.916025890367435,B
SKU000112,9904500,0.9165200649499424,B
SKU000995,9889200,0.9170134761550848,B
SKU000076,9868500,0.9175058545555567,B
SKU000037,9854400,0.9179975294513981,B
SKU000864,9771200,0.9184850531709797,B
SKU000817,9769800,0.9189725070390378,B
SKU000813,9758800,0.9194594120736962,B
SKU000149,9747000,0.9199457283597984,B
SKU000768,9738400,0.9204316155579699,B
SKU000807,9702000,0.9209156866165279,B
SKU000096,9702000,0.9213997576750859,B
SKU000165,9674700,0.9218824666289336,B
SKU000750,9667200,0.9223648013781905,B
SKU000002,9646200,0.9228460883545935,B
SKU000173,9623700,0.9233262527172242,B
SKU000097,9601900,0.9238053293918447,B
SKU000373,9592500,0.9242839370633781,B
SKU000055,9554200,0.9247606337968015,B
SKU000135,9546000,0.9252369213998725,B
SKU000151,9526600,0.9257122410604021,B
SKU000060,9510000,0.9261867324814375,B
SKU000093,9499600,0.9266607050054404,B
SKU000107,9491500,0.9271342733884854,B
SKU000095,9480000,0.927607267991158,B
SKU000816,9471000,0.9280798135483217,B
SKU000796,9465600,0.92855208967818,B
SKU000968,9457700,0.9290239716458696,B
SKU001009,9438000,0.9294948707028341,B
SKU000903,9430600,0.9299654005446024,B
SKU000743,9408000,0.930434802783204,B
SKU000962,9401800,0.930903895679344,B
SKU000851,9393000,0.9313725495087641,B
SKU000134,9348300,0.9318389730788237,B
SKU000898,9345600,0.9323052619352304,B
SKU000016,9338900,0.932771216502203,B
SKU000006,9333000,0.9332368766948973,B
SKU000881,9327900,0.9337022824284701,B
SKU000825,9280300,0.9341653132102403,B
SKU000857,9279900,0.9346283240344324,B
SKU000064,9279000,0.9350912899540736,B
SKU000926,9268000,0.9355537070403152,B
SKU000987,9252000,0.9360153258234297,B
SKU001007,9239700,0.9364763309110156,B
SKU000094,9230000,0.9369368520273307,B
SKU000039,9226100,0.9373971785572587,B
SKU000786,9210000,0.9378567017946653,B
SKU000131,9143400,0.9383129020953063,B
SKU000770,9126000,0.9387682342412967,B
SKU000961,9124500,0.9392234915463691,B
SKU000795,9113500,0.9396782000180417,B
SKU000361,9105200,0.9401324943699672,B
SKU000193,9077300,0.9405853966808153,B
SKU000124,9072000,0.9410380345537526,B
SKU000116,9049500,0.9414895498129177,B
SKU000771,9032800,0.9419402318431941,B
SKU000079,9011400,0.9423898461430383,B
SKU000036,9006800,0.9428392309307336,B
SKU000059,8971200,0.9432868394939716,B
SKU000026,8967600,0.9437342684390061,B
SKU000779,8965800,0.9441816075749387,B
SKU000092,8932500,0.9446272852424885,B
SKU000730,8908900,0.9450717854129262,B
SKU000890,8876700,0.9455146789983212,B
SKU000056,8866000,0.9459570387185,B
SKU000125,8849400,0.9463985701991846,B
SKU000042,8819200,0.9468385948827173,B
SKU000132,8804400,0.9472778811358576,B
SKU000801,8803300,0.9477171125056579,B
SKU000167,8793600,0.9481558599041876,B
SKU000638,8768000,0.9485933300177144,B
SKU000100,8765800,0.9490306903645611,B
SKU000170,8765500,0.9494680357432242,B
SKU000046,8764800,0.9499053461961255,B
SKU000804,8748000,0.9503418184307436,C
SKU000972,8743500,0.9507780661426073,C
SKU000023,8742800,0.9512142789287091,C
SKU000791,8742000,0.9516504517996547,C
SKU000169,8731800,0.9520861157523568,C
SKU000136,8726100,0.95252149530957,C
SKU000828,8726100,0.9529568748667832,C
SKU000935,8719200,0.9533919101557728,C
SKU000048,8694400,0.953825708074916,C
SKU000979,8686800,0.9542591268000737,C
SKU000928,8668100,0.954691612508452,C
SKU000880,8659800,0.9551236840970833,C
SKU000029,8647300,0.9555551320113965,C
SKU000140,8620800,0.9559852577361561,C
SKU000111,8600000,0.9564143456668506,C
SKU000005,8597600,0.956843313852076,C
SKU000090,8562900,0.9572705507173951,C
SKU000619,8555600,0.9576974233569125,C
SKU000862,8530500,0.9581230436583997,C
SKU000044,8517600,0.9585480203279908,C
SKU000885,8512000,0.9589727175914875,C
SKU000103,8500500,0.9593968410746118,C
SKU000839,8475000,0.9598196922621276,C
SKU000196,8470000,0.9602422939799163,C
SKU000951,8448500,0.9606638229778782,C
SKU000108,8427100,0.9610842842454079,C
SKU000128,8395800,0.9615031838324457,C
SKU001000,8376200,0.9619211054981531,C
SKU000391,8373100,0.9623388724926296,C
SKU001010,8366200,0.9627562952188827,C
SKU000891,8351400,0.9631729795147435,C
SKU000179,8346300,0.9635894093514825,C
SKU000104,8333600,0.9640052055351146,C
SKU000354,8325000,0.9644205726308159,C
SKU000098,8302500,0.9648348171127451,C
SKU000182,8300200,0.9652489468385999,C
SKU000854,8276800,0.9656619090461316,C
SKU000957,8247900,0.9660734293186403,C
SKU000146,8234500,0.9664842810122803,C
SKU000012,8155800,0.966891206052415,C
SKU000832,8140000,0.9672973427682119,C
SKU000052,8131300,0.9677030454066835,C
SKU000931,8131200,0.9681087430557607,C
SKU000018,8131200,0.9685144407048378,C
SKU000966,8093600,0.9689182623415667,C
SKU001002,8090500,0.969321929307065,C
SKU000921,8089200,0.9697255314104339,C
SKU000873,8085000,0.9701289239592322,C
SKU000102,8081100,0.9705321219216434,C
SKU000122,8079700,0.9709352500325309,C
SKU000038,8073000,0.9713380438539839,C
SKU000051,8068800,0.9717406281208663,C
SKU000009,8064700,0.9721430078225723,C
SKU000089,8050500,0.9725446790302533,C
SKU000087,8032400,0.972945447157522,C
SKU000947,8026200,0.973345905942329,C
SKU000080,7977200,0.9737439199238099,C
SKU000176,7950900,0.9741406216945261,C
SKU000118,7937600,0.9745366598757681,C
SKU000856,7898800,0.9749307621719273,C
SKU000858,7885000,0.9753241759316397,C
SKU000168,7879800,0.9757173302428358,C
SKU000950,7877400,0.976110364808563,C
SKU000115,7872000,0.9765031299469847,C
SKU000843,7843800,0.9768944880761453,C
SKU000063,7809600,0.9772841398323723,C
SKU000181,7787800,0.9776727039005889,C
SKU000166,7783600,0.9780610584142347,C
SKU000033,7765800,0.9784485248156518,C
SKU000069,7751000,0.9788352527866766,C
SKU000070,7726500,0.9792207583560384,C
SKU000137,7703300,0.9796051063858662,C
SKU000761,7702400,0.9799894095111431,C
SKU000011,7679800,0.9803725850332533,C
SKU000155,7659000,0.9807547227612986,C
SKU000879,7540000,0.9811309231098377,C
SKU000823,7503600,0.9815053073187633,C
SKU000008,7499200,0.9818794719943289,C
SKU000442,7494800,0.9822534171365346,C
SKU000031,7451900,0.9826252218284813,C
SKU000081,7436000,0.9829962332066958,C
SKU000803,7358700,0.9833633877829286,C
SKU000123,7353600,0.9837302879000397,C
SKU000075,7337000,0.9840963597776566,C
SKU000014,7303800,0.9844607751762853,C
SKU000844,7271600,0.9848235839898711,C
SKU000901,7257600,0.985185694288221,C
SKU000812,7238400,0.9855468466228186,C
SKU000895,7173600,0.9859047658297523,C
SKU000164,7165200,0.9862622659275444,C
SKU000058,7150900,0.986619052541917,C
SKU000161,7129400,0.9869747664364626,C
SKU000127,7081200,0.9873280754428387,C
SKU000049,7078800,0.9876812647037457,C
SKU000152,7075200,0.9880342743464492,C
SKU000967,7074900,0.9883872690209691,C
SKU000763,6954200,0.9887342414962755,C
SKU000086,6953600,0.9890811840352147,C
SKU000894,6950200,0.9894279569347395,C
SKU000068,6867000,0.9897705786580046,C
SKU000130,6846000,0.9901121526084156,C
SKU000020,6844500,0.9904536517179084,C
SKU000754,6838200,0.9907948364955451,C
SKU000896,6792500,0.9911337411198756,C
SKU000172,6602400,0.9914631609051799,C
SKU001004,6600000,0.9917924609450153,C
SKU000827,6549000,0.9921192163936337,C
SKU000829,6517500,0.9924444001829711,C
SKU000144,6490000,0.9927682118888091,C
SKU000157,6426000,0.9930888303821397,C
SKU000119,6408000,0.9934085507844526,C
SKU000821,6364800,0.9937261157683228,C
SKU000747,6317600,0.9940413257579689,C
SKU000178,6275000,0.9943544102655396,C
SKU000187,6196800,0.9946635930665777,C
SKU000138,6044200,0.9949651620515433,C
SKU000147,5924500,0.9952607587312409,C
SKU000883,5896800,0.9955549733486501,C
SKU000073,5884800,0.9958485892387142,C
SKU000981,5791500,0.9961375500236697,C
SKU000022,5742000,0.9964240410583264,C
SKU000057,5738700,0.9967103674429633,C
SKU000083,5674200,0.9969934756681198,C
SKU000802,5620200,0.9972738896202232,C
SKU000866,5546100,0.9975506064309704,C
SKU000003,5472000,0.9978236261003611,C
SKU000010,5371800,0.9980916463964198,C
SKU000937,5153500,0.9983487748441912,C
SKU000964,5064000,0.9986014377838467,C
SKU000867,5000000,0.9988509075109946,C
SKU000158,4977300,0.9990992446455813,C
SKU000066,4853200,0.9993413899415403,C
SKU000120,4829700,0.9995823627297816,C
SKU000034,4545200,0.9998091406905482,C
SKU000153,3825300,1.0,C
